PRJNA41163	SAMN00993355	2012-08-12	SRR496614
PRJNA41163	SAMN00993355	2016-07-16	SRR3926902
PRJNA41163	SAMN00993355	2016-07-16	SRR3926903
PRJNA41163	SAMN00993355	2016-07-16	SRR3926904
PRJNA41163	SAMN00993355	2016-07-16	SRR3926905
PRJNA41163	SAMN00993355	2016-07-16	SRR3926906
PRJNA41163	SAMN00993355	2016-07-16	SRR3926907
PRJNA41163	SAMN00993355	2016-07-16	SRR3926908
PRJNA41163	SAMN00993355	2016-07-16	SRR3926909
PRJNA41163	SAMN00993355	2016-07-16	SRR3926910
PRJNA41163	SAMN00993355	2016-07-16	SRR3926911
PRJNA41163	SAMN00993355	2016-07-16	SRR3926912
PRJNA41163	SAMN00993355	2016-07-16	SRR3926913
PRJNA41163	SAMN00993355	2016-07-16	SRR3926914
PRJNA41163	SAMN00993355	2016-07-16	SRR3926915
PRJNA41163	SAMN00993355	2016-07-16	SRR3926916
PRJNA41163	SAMN00993355	2016-07-16	SRR3926917
PRJNA41163	SAMN00993355	2016-07-16	SRR3926918
PRJNA41163	SAMN00993355	2016-07-16	SRR3926919
PRJNA41163	SAMN00993355	2016-07-16	SRR3926920
PRJNA41163	SAMN00993355	2016-07-16	SRR3926921
PRJNA41163	SAMN00993355	2016-07-16	SRR3926922
PRJNA41163	SAMN00993355	2016-07-16	SRR3926923
PRJNA41163	SAMN00993355	2016-07-16	SRR3926924
PRJNA41163	SAMN00993355	2016-07-16	SRR3926925
PRJNA41163	SAMN00993355	2016-07-16	SRR3926926
PRJNA41163	SAMN00993355	2016-07-16	SRR3926927
PRJNA41163	SAMN00993355	2016-07-16	SRR3926928
PRJNA41163	SAMN00993355	2016-07-16	SRR3926929
PRJNA41163	SAMN00993355	2016-07-16	SRR3926930
PRJNA41163	SAMN00993355	2016-07-16	SRR3926931
PRJNA41163	SAMN00993355	2016-07-16	SRR3926932
PRJNA41163	SAMN00993355	2014-09-30	SRR1592657
PRJNA41163	SAMN00993355	2014-09-30	SRR1592658
PRJNA41163	SAMN00993355	2014-09-30	SRR1592659
PRJNA41163	SAMN00113328	2015-06-27	SRR065684
PRJNA41163	SAMN00113328	2015-06-26	SRR065681
PRJNA41163	SAMN00113328	2014-05-29	SRR090608
PRJNA41163	SAMN00113328	2014-05-30	SRR191987
PRJNA41163	SAMN00113328	2015-06-26	SRR065682
PRJNA41163	SAMN00113328	2015-06-29	SRR065683
PRJNA41163	SAMN00113328	2015-06-28	SRR065685
PRJNA41163	SAMN00113328	2012-01-21	SRR385943
PRJNA41163	SAMN00113328	2015-06-26	SRR065679
PRJNA41163	SAMN00113328	2015-06-27	SRR090609
PRJNA41163	SAMN00113328	2012-01-21	SRR385950
PRJNA41163	SAMN00113328	2015-06-27	SRR090607
PRJNA41163	SAMN00113328	2014-05-30	SRR191988
PRJNA41163	SAMN00113328	2012-03-27	SRR385949
PRJNA41163	SAMN00113328	2012-03-28	SRR385944
PRJNA41163	SAMN00113328	2012-08-11	SRR385945
PRJNA41163	SAMN00113328	2012-04-01	SRR385947
PRJNA337388	SAMN05518963	2016-08-13	SRR4028245
PRJNA337388	SAMN05518963	2016-08-13	SRR4028246
PRJNA337388	SAMN05518963	2016-08-13	SRR4028247
PRJNA337388	SAMN05518963	2016-08-13	SRR4028248
PRJNA337388	SAMN05518963	2016-08-13	SRR4028249
PRJNA337388	SAMN05518963	2016-08-13	SRR4028250
PRJNA337388	SAMN05518963	2016-08-13	SRR4028251
PRJNA337388	SAMN05518963	2016-08-13	SRR4028252
PRJNA337388	SAMN05518963	2016-08-13	SRR4028253
PRJNA337388	SAMN05518963	2016-08-13	SRR4028254
PRJNA337388	SAMN05518963	2016-08-13	SRR4028255
PRJNA337388	SAMN05518963	2016-08-13	SRR4028256
PRJNA337388	SAMN05518963	2016-08-13	SRR4028257
PRJNA337388	SAMN05518963	2016-08-13	SRR4028258
PRJNA337388	SAMN05518963	2016-08-13	SRR4028259
PRJNA337388	SAMN05518963	2016-08-13	SRR4028260
PRJNA337388	SAMN05518963	2016-08-13	SRR4028261
PRJNA337388	SAMN05518963	2016-08-13	SRR4028262
PRJNA337388	SAMN05518963	2016-08-13	SRR4028263
PRJNA337388	SAMN05518963	2016-08-13	SRR4028264
PRJNA337388	SAMN05518963	2016-08-13	SRR4028265
PRJNA337388	SAMN05518963	2016-08-13	SRR4028266
PRJNA337388	SAMN05518963	2016-08-13	SRR4028267
PRJNA337388	SAMN05518963	2016-08-13	SRR4028268
PRJNA337388	SAMN05518963	2016-08-13	SRR4028269
PRJNA337388	SAMN05518963	2016-08-13	SRR4028270
PRJNA337388	SAMN05518963	2016-08-13	SRR4028271
PRJNA337388	SAMN05518963	2016-08-13	SRR4028272
PRJNA337388	SAMN05518963	2016-08-13	SRR4028273
PRJNA337388	SAMN05518963	2016-08-13	SRR4028274
PRJNA337388	SAMN05518963	2016-08-13	SRR4028275
PRJNA337388	SAMN05518963	2016-08-13	SRR4028276
PRJNA337388	SAMN05518963	2016-08-13	SRR4028277
PRJNA337388	SAMN05518963	2016-08-13	SRR4028278
PRJNA337388	SAMN05518963	2016-08-13	SRR4028279
PRJNA337388	SAMN05518963	2016-08-13	SRR4028280
PRJNA337388	SAMN05518963	2016-08-13	SRR4028281
PRJNA337388	SAMN05518963	2016-08-13	SRR4028282
PRJNA337388	SAMN05518963	2016-08-13	SRR4028283
PRJNA337388	SAMN05518963	2016-08-13	SRR4028284
PRJNA337388	SAMN05518963	2016-08-13	SRR4028285
PRJNA337388	SAMN05518963	2016-08-13	SRR4028286
PRJNA337388	SAMN05518963	2016-08-13	SRR4028287
PRJNA337388	SAMN05518963	2016-08-13	SRR4028288
PRJNA337388	SAMN05518963	2016-08-13	SRR4028289
PRJNA337388	SAMN05518963	2016-08-13	SRR4028290
PRJNA337388	SAMN05518963	2016-08-13	SRR4028291
PRJNA337388	SAMN05518963	2016-08-13	SRR4028292
PRJNA337388	SAMN05518963	2016-08-13	SRR4028293
PRJNA337388	SAMN05518963	2016-08-13	SRR4028294
PRJNA337388	SAMN05518963	2016-08-13	SRR4028295
PRJNA337388	SAMN05518963	2016-08-13	SRR4028296
PRJNA337388	SAMN05518963	2016-08-13	SRR4028297
PRJNA337388	SAMN05518963	2016-08-13	SRR4028298
PRJNA337388	SAMN05518963	2016-08-13	SRR4028299
PRJNA337388	SAMN05518963	2016-08-13	SRR4028300
PRJNA337388	SAMN05518963	2016-08-13	SRR4028301
PRJNA337388	SAMN05518963	2016-08-13	SRR4028302
PRJNA337388	SAMN05518963	2016-08-13	SRR4028303
PRJNA337388	SAMN05518963	2016-08-13	SRR4028304
PRJNA337388	SAMN05518963	2016-08-13	SRR4028305
PRJNA337388	SAMN05518963	2016-08-13	SRR4028306
PRJNA337388	SAMN05518963	2016-08-13	SRR4028307
PRJNA337388	SAMN05518963	2016-08-13	SRR4028308
PRJNA337388	SAMN05518963	2016-08-13	SRR4028309
PRJNA337388	SAMN05518963	2016-08-13	SRR4028310
PRJNA337388	SAMN05518963	2016-08-13	SRR4028311
PRJNA337388	SAMN05518963	2016-08-13	SRR4028312
PRJNA337388	SAMN05518963	2016-08-13	SRR4028313
PRJNA337388	SAMN05518963	2016-08-13	SRR4028314
PRJNA337388	SAMN05518963	2016-08-13	SRR4028315
PRJNA337388	SAMN05518963	2016-08-13	SRR4028316
PRJNA337388	SAMN05518963	2016-08-13	SRR4028317
PRJNA337388	SAMN05518963	2016-08-13	SRR4028318
PRJNA337388	SAMN05518963	2016-08-13	SRR4028319
PRJNA337388	SAMN05518963	2016-08-13	SRR4028320
PRJNA337388	SAMN05518963	2016-08-13	SRR4028321
PRJNA337388	SAMN05518963	2016-08-13	SRR4028322
PRJNA337388	SAMN05518963	2016-08-13	SRR4028323
PRJNA337388	SAMN05518963	2016-08-13	SRR4028324
PRJNA337388	SAMN05518963	2016-08-13	SRR4028325
PRJNA337388	SAMN05518963	2016-08-13	SRR4028326
PRJNA337388	SAMN05518963	2016-08-13	SRR4028327
PRJNA337388	SAMN05518963	2016-08-13	SRR4028328
PRJNA337388	SAMN05518963	2016-08-13	SRR4028329
PRJNA337388	SAMN05518963	2016-08-13	SRR4028330
PRJNA337388	SAMN05518963	2016-08-13	SRR4028331
PRJNA337388	SAMN05518963	2016-08-13	SRR4028332
PRJNA337388	SAMN05518963	2016-08-13	SRR4028333
PRJNA337388	SAMN05518963	2016-08-13	SRR4028334
PRJNA337388	SAMN05518963	2016-08-13	SRR4028335
PRJNA337388	SAMN05518963	2016-08-13	SRR4028336
PRJNA337388	SAMN05518963	2016-08-13	SRR4028337
PRJNA337388	SAMN05518963	2016-08-13	SRR4028338
PRJNA337388	SAMN05518963	2016-08-13	SRR4028339
PRJNA337388	SAMN05518963	2016-08-13	SRR4028340
PRJNA337388	SAMN05518963	2016-08-13	SRR4028341
PRJNA337388	SAMN05518963	2016-08-13	SRR4028342
PRJNA337388	SAMN05518963	2016-08-13	SRR4028343
PRJNA337388	SAMN05518963	2016-08-13	SRR4028344
PRJNA337388	SAMN05518963	2016-08-13	SRR4028345
PRJNA337388	SAMN05518963	2016-08-13	SRR4028346
PRJNA337388	SAMN05518963	2016-08-13	SRR4028347
PRJNA337388	SAMN05518963	2016-08-13	SRR4028348
PRJNA337388	SAMN05518963	2016-08-13	SRR4028349
PRJNA337388	SAMN05518963	2016-08-13	SRR4028350
PRJNA337388	SAMN05518963	2016-08-13	SRR4028351
PRJNA337388	SAMN05518963	2016-08-13	SRR4028352
PRJNA337388	SAMN05518963	2016-08-13	SRR4028353
PRJNA337388	SAMN05518963	2016-08-13	SRR4028354
PRJNA337388	SAMN05518963	2016-08-13	SRR4028355
PRJNA337388	SAMN05518963	2016-08-13	SRR4028356
PRJNA337388	SAMN05518963	2016-08-13	SRR4028357
PRJNA337388	SAMN05518963	2016-08-13	SRR4028358
PRJNA337388	SAMN05518963	2016-08-13	SRR4028359
PRJNA337388	SAMN05518963	2016-08-13	SRR4028360
PRJNA337388	SAMN05518963	2016-08-13	SRR4028361
PRJNA337388	SAMN05518963	2016-08-13	SRR4028362
PRJNA337388	SAMN05518963	2016-08-13	SRR4028363
PRJNA337388	SAMN05518963	2016-08-13	SRR4028364
PRJNA337388	SAMN05518963	2016-08-13	SRR4028365
PRJNA337388	SAMN05518963	2016-08-13	SRR4028366
PRJNA337388	SAMN05518963	2016-08-13	SRR4028367
PRJNA337388	SAMN05518963	2016-08-13	SRR4028368
PRJNA337388	SAMN05518963	2016-08-13	SRR4028369
PRJNA337388	SAMN05518963	2016-08-13	SRR4028370
PRJNA337388	SAMN05518963	2016-08-13	SRR4028371
PRJNA337388	SAMN05518963	2016-08-13	SRR4028372
PRJNA337388	SAMN05518963	2016-08-13	SRR4028373
PRJNA337388	SAMN05518963	2016-08-13	SRR4028374
PRJNA337388	SAMN05518963	2016-08-13	SRR4028375
PRJNA337388	SAMN05518963	2016-08-13	SRR4028376
PRJNA337388	SAMN05518963	2016-08-13	SRR4028377
PRJNA337388	SAMN05518963	2016-08-13	SRR4028378
PRJNA337388	SAMN05518963	2016-08-13	SRR4028379
PRJNA337388	SAMN05518963	2016-08-13	SRR4028380
PRJNA337388	SAMN05518963	2016-08-13	SRR4028381
PRJNA337388	SAMN05518963	2016-08-13	SRR4028382
PRJNA337388	SAMN05518963	2016-08-13	SRR4028383
PRJNA337388	SAMN05518963	2016-08-13	SRR4028384
PRJNA337388	SAMN05518963	2016-08-13	SRR4028385
PRJNA337388	SAMN05518963	2016-08-13	SRR4028386
PRJNA337388	SAMN05518963	2016-08-13	SRR4028387
PRJNA337388	SAMN05518963	2016-08-13	SRR4028388
PRJNA337388	SAMN05518963	2016-08-13	SRR4028389
PRJNA337388	SAMN05518963	2016-08-13	SRR4028390
PRJNA337388	SAMN05518963	2016-08-13	SRR4028391
PRJNA337388	SAMN05518963	2016-08-13	SRR4028392
PRJNA337388	SAMN05518963	2016-08-13	SRR4028393
PRJNA337388	SAMN05518963	2016-08-13	SRR4028394
PRJNA337388	SAMN05518963	2016-08-13	SRR4028395
PRJNA337388	SAMN05518963	2016-08-13	SRR4028396
PRJNA337388	SAMN05518963	2016-08-13	SRR4028397
PRJNA337388	SAMN05518963	2016-08-13	SRR4028398
PRJNA337388	SAMN05518963	2016-08-13	SRR4028399
PRJNA337388	SAMN05518963	2016-08-13	SRR4028400
PRJNA337388	SAMN05518963	2016-08-13	SRR4028401
PRJNA337388	SAMN05518963	2016-08-13	SRR4028402
PRJNA337388	SAMN05518963	2016-08-13	SRR4028403
PRJNA337388	SAMN05518963	2016-08-13	SRR4028404
PRJNA337388	SAMN05518963	2016-08-13	SRR4028405
PRJNA337388	SAMN05518963	2016-08-13	SRR4028406
PRJNA337388	SAMN05518963	2016-08-13	SRR4028407
PRJNA337388	SAMN05518963	2016-08-13	SRR4028408
PRJNA337388	SAMN05518963	2016-08-13	SRR4028409
PRJNA337388	SAMN05518963	2016-08-13	SRR4028410
PRJNA337388	SAMN05518963	2016-08-13	SRR4028411
PRJNA337388	SAMN05518963	2016-08-13	SRR4028412
PRJNA337388	SAMN05518963	2016-08-13	SRR4028413
PRJNA337388	SAMN05518963	2016-08-13	SRR4028414
PRJNA337388	SAMN05518963	2016-08-13	SRR4028415
PRJNA337388	SAMN05518963	2016-08-13	SRR4028416
PRJNA337388	SAMN05518963	2016-08-13	SRR4028417
PRJNA337388	SAMN05518963	2016-08-13	SRR4028418
PRJNA337388	SAMN05518963	2016-08-13	SRR4028419
PRJNA337388	SAMN05518963	2016-08-13	SRR4028420
PRJNA337388	SAMN05518963	2016-08-13	SRR4028421
PRJNA337388	SAMN05518963	2016-08-13	SRR4028422
PRJNA337388	SAMN05518963	2016-08-13	SRR4028423
PRJNA337388	SAMN05518963	2016-08-13	SRR4028424
PRJNA337388	SAMN05518963	2016-08-13	SRR4028425
PRJNA337388	SAMN05518963	2016-08-13	SRR4028426
PRJNA337388	SAMN05518963	2016-08-13	SRR4028427
PRJNA337388	SAMN05518963	2016-08-13	SRR4028428
PRJNA337388	SAMN05518963	2016-08-13	SRR4028429
PRJNA337388	SAMN05518963	2016-08-13	SRR4028430
PRJNA337388	SAMN05518963	2016-08-13	SRR4028431
PRJNA337388	SAMN05518963	2016-08-13	SRR4028432
PRJNA337388	SAMN05518963	2016-08-13	SRR4028433
PRJNA337388	SAMN05518963	2016-08-13	SRR4028434
PRJNA337388	SAMN05518963	2016-08-13	SRR4028435
PRJNA337388	SAMN05518963	2016-08-13	SRR4028436
PRJNA337388	SAMN05518963	2016-08-13	SRR4028437
PRJNA337388	SAMN05518963	2016-08-13	SRR4028438
PRJNA337388	SAMN05518963	2016-08-13	SRR4028439
PRJNA337388	SAMN05518963	2016-08-13	SRR4028440
PRJNA337388	SAMN05518963	2016-08-13	SRR4028441
PRJNA337388	SAMN05518963	2016-08-13	SRR4028442
PRJNA337388	SAMN05518963	2016-08-13	SRR4028443
PRJNA337388	SAMN05518963	2016-08-13	SRR4028444
PRJNA337388	SAMN05518963	2016-08-13	SRR4028445
PRJNA337388	SAMN05518963	2016-08-13	SRR4028446
PRJNA337388	SAMN05518963	2016-08-13	SRR4028447
PRJNA337388	SAMN05518963	2016-08-13	SRR4028448
PRJNA337388	SAMN05518963	2016-08-13	SRR4028449
PRJNA337388	SAMN05518963	2016-08-13	SRR4028450
PRJNA337388	SAMN05518963	2016-08-13	SRR4028451
PRJNA337388	SAMN05518963	2016-08-13	SRR4028452
PRJNA337388	SAMN05518963	2016-08-13	SRR4028453
PRJNA337388	SAMN05518963	2016-08-13	SRR4028454
PRJNA337388	SAMN05518963	2016-08-13	SRR4028455
PRJNA337388	SAMN05518963	2016-08-13	SRR4028456
PRJNA337388	SAMN05518963	2016-08-13	SRR4028457
PRJNA337388	SAMN05518963	2016-08-13	SRR4028458
PRJNA337388	SAMN05518963	2016-08-13	SRR4028459
PRJNA337388	SAMN05518963	2016-08-13	SRR4028460
PRJNA337388	SAMN05518963	2016-08-13	SRR4028461
PRJNA337388	SAMN05518963	2016-08-13	SRR4028462
PRJNA337388	SAMN05518963	2016-08-13	SRR4028463
PRJNA337388	SAMN05518963	2016-08-13	SRR4028464
PRJNA337388	SAMN05518963	2016-08-13	SRR4028465
PRJNA337388	SAMN05518963	2016-08-13	SRR4028466
PRJNA337388	SAMN05518963	2016-08-13	SRR4028467
PRJNA337388	SAMN05518963	2016-08-13	SRR4028468
PRJNA337388	SAMN05518963	2016-08-13	SRR4028469
PRJNA337388	SAMN05518963	2016-08-13	SRR4028470
PRJNA337388	SAMN05518963	2016-08-13	SRR4028471
PRJNA337388	SAMN05518963	2016-08-13	SRR4028472
PRJNA337388	SAMN05518963	2016-08-13	SRR4028473
PRJNA337388	SAMN05518963	2016-08-13	SRR4028474
PRJNA337388	SAMN05518963	2016-08-13	SRR4028475
PRJNA337388	SAMN05518963	2016-08-13	SRR4028476
PRJNA337388	SAMN05518963	2016-08-13	SRR4028477
PRJNA337388	SAMN05518963	2016-08-13	SRR4028478
PRJNA337388	SAMN05518963	2016-08-13	SRR4028479
PRJNA337388	SAMN05518963	2016-08-13	SRR4028480
PRJNA337388	SAMN05518963	2016-08-13	SRR4028481
PRJNA337388	SAMN05518963	2016-08-13	SRR4028482
PRJNA337388	SAMN05518963	2016-08-13	SRR4028483
PRJNA337388	SAMN05518963	2016-08-13	SRR4028484
PRJNA337388	SAMN05518963	2016-08-13	SRR4028485
PRJNA337388	SAMN05518963	2016-08-13	SRR4028486
PRJNA337388	SAMN05518963	2016-08-13	SRR4028487
PRJNA337388	SAMN05518963	2016-08-13	SRR4028488
PRJNA337388	SAMN05518963	2016-08-13	SRR4028489
PRJNA337388	SAMN05518963	2016-08-13	SRR4028490
PRJNA337388	SAMN05518963	2016-08-13	SRR4028491
PRJNA337388	SAMN05518963	2016-08-13	SRR4028492
PRJNA337388	SAMN05518963	2016-08-13	SRR4028493
PRJNA337388	SAMN05518963	2016-08-13	SRR4028494
PRJNA337388	SAMN05518963	2016-08-13	SRR4028495
PRJNA337388	SAMN05518963	2016-08-13	SRR4028496
PRJNA337388	SAMN05518963	2016-08-13	SRR4028497
PRJNA337388	SAMN05518963	2016-08-13	SRR4028498
PRJNA337388	SAMN05518963	2016-08-13	SRR4028499
PRJNA337388	SAMN05518963	2016-08-13	SRR4028500
PRJNA337388	SAMN05518963	2016-08-13	SRR4028501
PRJNA337388	SAMN05518963	2016-08-13	SRR4028502
PRJNA337388	SAMN05518963	2016-08-13	SRR4028503
PRJNA337388	SAMN05518963	2016-08-13	SRR4028504
PRJNA337388	SAMN05518963	2016-08-13	SRR4028505
PRJNA337388	SAMN05518963	2016-08-13	SRR4028506
PRJNA337388	SAMN05518963	2016-08-13	SRR4028507
PRJNA337388	SAMN05518963	2016-08-13	SRR4028508
PRJNA337388	SAMN05518963	2016-08-13	SRR4028509
PRJNA337388	SAMN05518963	2016-08-13	SRR4028510
PRJNA337388	SAMN05518963	2016-08-13	SRR4028511
PRJNA337388	SAMN05518963	2016-08-13	SRR4028512
PRJNA337388	SAMN05518963	2016-08-13	SRR4028513
PRJNA337388	SAMN05518963	2016-08-13	SRR4028514
PRJNA337388	SAMN05518963	2016-08-13	SRR4028515
PRJNA337388	SAMN05518963	2016-08-13	SRR4028516
PRJNA337388	SAMN05518963	2016-08-13	SRR4028517
PRJNA337388	SAMN05518963	2016-08-13	SRR4028518
PRJNA337388	SAMN05518963	2016-08-13	SRR4028519
PRJNA337388	SAMN05518963	2016-08-13	SRR4028520
PRJNA337388	SAMN05518963	2016-08-13	SRR4028521
PRJNA337388	SAMN05518963	2016-08-13	SRR4028530
PRJNA337388	SAMN05518963	2016-08-13	SRR4028531
PRJNA337388	SAMN05518963	2016-08-13	SRR4028532
PRJNA337388	SAMN05518963	2016-08-13	SRR4028533
PRJNA337388	SAMN05518963	2016-08-13	SRR4028534
PRJNA337388	SAMN05518963	2016-08-13	SRR4028535
PRJNA337388	SAMN05518963	2016-08-13	SRR4028536
PRJNA337388	SAMN05518963	2016-08-13	SRR4028537
PRJNA337388	SAMN05518963	2016-08-13	SRR4028538
PRJNA337388	SAMN05518963	2016-08-13	SRR4028539
PRJNA337388	SAMN05518963	2016-08-13	SRR4028540
PRJNA337388	SAMN05518963	2016-08-13	SRR4028541
PRJNA337388	SAMN05518963	2016-08-13	SRR4028558
PRJNA337388	SAMN05518963	2016-08-13	SRR4028559
PRJNA337388	SAMN05518963	2016-08-13	SRR4028560
PRJNA337388	SAMN05518963	2016-08-13	SRR4028561
PRJNA337388	SAMN05518963	2016-08-13	SRR4028562
PRJNA337388	SAMN05518963	2016-08-13	SRR4028563
PRJNA337388	SAMN05518963	2016-08-13	SRR4028564
PRJNA337388	SAMN05518963	2016-08-13	SRR4028565
PRJNA337388	SAMN05518963	2016-08-13	SRR4028566
PRJNA337388	SAMN05518963	2016-08-13	SRR4028567
PRJNA337388	SAMN05518963	2016-08-13	SRR4028568
PRJNA337388	SAMN05518963	2016-08-13	SRR4028577
PRJNA337388	SAMN05518963	2016-08-13	SRR4028594
PRJNA337388	SAMN05518963	2016-08-13	SRR4028611
PRJNA337388	SAMN05518963	2016-08-13	SRR4028626
PRJNA337388	SAMN05518963	2016-08-13	SRR4028627
PRJNA337388	SAMN05518963	2016-08-13	SRR4028628
PRJNA337388	SAMN05518963	2016-08-13	SRR4028629
PRJNA337388	SAMN05518963	2016-08-13	SRR4028630
PRJNA337388	SAMN05518963	2016-08-13	SRR4028631
PRJNA337388	SAMN05518963	2016-08-13	SRR4028632
PRJNA337388	SAMN05518963	2016-08-13	SRR4028633
PRJNA337388	SAMN05518963	2016-08-13	SRR4028634
PRJNA337388	SAMN05518963	2016-08-13	SRR4028635
PRJNA337388	SAMN05518963	2016-08-13	SRR4028636
PRJNA337388	SAMN05518963	2016-08-13	SRR4028637
PRJNA337388	SAMN05518963	2016-08-13	SRR4028638
PRJNA337388	SAMN05518963	2016-08-13	SRR4028639
PRJNA337388	SAMN05518963	2016-08-13	SRR4028640
PRJNA337388	SAMN05518963	2016-08-13	SRR4028641
PRJNA337388	SAMN05518963	2016-08-13	SRR4028642
PRJNA337388	SAMN05518963	2016-08-13	SRR4028643
PRJNA337388	SAMN05518963	2016-08-13	SRR4028644
PRJNA337388	SAMN05518963	2016-08-13	SRR4028645
PRJNA337388	SAMN05518963	2016-08-13	SRR4028646
PRJNA337388	SAMN05518963	2016-08-13	SRR4028647
PRJNA337388	SAMN05518963	2016-08-13	SRR4028648
PRJNA337388	SAMN05518963	2016-08-13	SRR4028649
PRJNA337388	SAMN05518963	2016-08-13	SRR4028650
PRJNA337388	SAMN05518963	2016-08-13	SRR4028651
PRJNA337388	SAMN05518963	2016-08-13	SRR4028652
PRJNA337388	SAMN05518963	2016-08-13	SRR4028653
PRJNA337388	SAMN05518963	2016-08-13	SRR4028654
PRJNA337388	SAMN05518963	2016-08-13	SRR4028655
PRJNA337388	SAMN05518963	2016-08-13	SRR4028656
PRJNA337388	SAMN05518963	2016-08-13	SRR4028657
PRJNA337388	SAMN05518963	2016-08-13	SRR4028658
PRJNA337388	SAMN05518963	2016-08-13	SRR4028659
PRJNA337388	SAMN05518963	2016-08-13	SRR4028660
PRJNA337388	SAMN05518963	2016-08-13	SRR4028661
PRJNA337388	SAMN05518963	2016-08-13	SRR4028662
PRJNA337388	SAMN05518963	2016-08-13	SRR4028663
PRJNA337388	SAMN05518963	2016-08-13	SRR4028664
PRJNA337388	SAMN05518963	2016-08-13	SRR4028665
PRJNA337388	SAMN05518963	2016-08-13	SRR4028666
PRJNA337388	SAMN05518963	2016-08-13	SRR4028675
PRJNA337388	SAMN05518963	2016-08-13	SRR4028676
PRJNA337388	SAMN05518963	2016-08-13	SRR4028677
PRJNA337388	SAMN05518963	2016-08-13	SRR4028678
PRJNA337388	SAMN05518963	2016-08-13	SRR4028679
PRJNA337388	SAMN05518963	2016-08-13	SRR4028680
PRJNA337388	SAMN05518963	2016-08-13	SRR4028681
PRJNA337388	SAMN05518963	2016-08-13	SRR4028682
PRJNA337388	SAMN05518963	2016-08-13	SRR4028683
PRJNA337388	SAMN05518963	2016-08-13	SRR4028684
PRJNA337388	SAMN05518963	2016-08-13	SRR4028685
PRJNA337388	SAMN05518963	2016-08-13	SRR4028686
PRJNA337388	SAMN05518963	2016-08-13	SRR4028695
PRJNA337388	SAMN05518963	2016-08-13	SRR4028696
PRJNA337388	SAMN05518963	2016-08-13	SRR4028697
PRJNA337388	SAMN05518963	2016-08-13	SRR4028698
PRJNA337388	SAMN05518963	2016-08-13	SRR4028699
PRJNA337388	SAMN05518963	2016-08-13	SRR4028700
PRJNA337388	SAMN05518963	2016-08-13	SRR4028701
PRJNA337388	SAMN05518963	2016-08-13	SRR4028702
PRJNA337388	SAMN05518963	2016-08-13	SRR4028703
PRJNA337388	SAMN05518963	2016-08-13	SRR4028704
PRJNA337388	SAMN05518963	2016-08-13	SRR4028705
PRJNA337388	SAMN05518963	2016-08-13	SRR4028714
PRJNA337388	SAMN05518963	2016-08-13	SRR4028715
PRJNA337388	SAMN05518963	2016-08-13	SRR4028716
PRJNA337388	SAMN05518963	2016-08-13	SRR4028717
PRJNA337388	SAMN05518963	2016-08-13	SRR4028718
PRJNA337388	SAMN05518963	2016-08-13	SRR4028719
PRJNA337388	SAMN05518963	2016-08-13	SRR4028720
PRJNA337388	SAMN05518963	2016-08-13	SRR4028721
PRJNA337388	SAMN05518963	2016-08-13	SRR4028722
PRJNA337388	SAMN05518963	2016-08-13	SRR4028723
PRJNA337388	SAMN05518963	2016-08-13	SRR4028724
PRJNA337388	SAMN05518963	2016-08-13	SRR4028725
PRJNA337388	SAMN05518963	2016-08-13	SRR4028726
PRJNA337388	SAMN05518963	2016-08-13	SRR4028727
PRJNA337388	SAMN05518963	2016-08-13	SRR4028728
PRJNA337388	SAMN05518963	2016-08-13	SRR4028729
PRJNA337388	SAMN05518963	2016-08-13	SRR4028730
PRJNA337388	SAMN05518963	2016-08-13	SRR4028731
PRJNA337388	SAMN05518963	2016-08-13	SRR4028732
PRJNA337388	SAMN05518963	2016-08-13	SRR4028733
PRJNA337388	SAMN05518963	2016-08-13	SRR4028734
PRJNA337388	SAMN05518963	2016-08-13	SRR4028735
PRJNA337388	SAMN05518963	2016-08-13	SRR4028736
PRJNA337388	SAMN05518963	2016-08-13	SRR4028737
PRJNA337388	SAMN05518963	2016-08-13	SRR4028738
PRJNA41163	SAMN00761058	2012-03-30	SRR385948
PRJNA41163	SAMN00761058	2012-03-31	SRR385951
PRJNA41163	SAMN00761058	2012-03-30	SRR385946
PRJNA41163	SAMN00761058	2012-03-29	SRR385942
PRJNA41163	SAMN00770034	2012-03-30	SRR396842
PRJNA41163	SAMN00770034	2012-03-31	SRR396843
PRJNA248388	SAMN02798110	2014-05-26	SRR1296482
PRJNA248388	SAMN02798110	2014-05-26	SRR1296483
PRJNA248388	SAMN02798110	2014-05-26	SRR1296484
PRJNA41163	SAMN00113326	2015-06-27	SRR065676
PRJNA337360	SAMN05518823	2016-08-12	SRR4027910
PRJNA337360	SAMN05518823	2016-08-12	SRR4027911
PRJNA337360	SAMN05518823	2016-08-12	SRR4027912
PRJNA337360	SAMN05518823	2016-08-12	SRR4027913
PRJNA337360	SAMN05518823	2016-08-12	SRR4027914
PRJNA337360	SAMN05518823	2016-08-12	SRR4027915
PRJNA312457	SAMN04498233	2016-03-03	SRR3201745
PRJNA312457	SAMN04498146	2016-03-05	SRR3204355
PRJNA312457	SAMN04498107	2016-03-04	SRR3203777
PRJNA312457	SAMN04498104	2016-03-04	SRR3203680
PRJNA312457	SAMN04498120	2016-03-05	SRR3203854
PRJNA312457	SAMN04498101	2016-03-04	SRR3203644
PRJNA312457	SAMN04498121	2016-03-05	SRR3203886
PRJNA174067	SAMN01141193	2015-12-12	SRR547995
PRJNA312457	SAMN04498244	2016-03-03	SRR3201997
PRJNA312457	SAMN04498242	2016-03-03	SRR3201826
PRJNA312457	SAMN04498100	2016-03-04	SRR3203633
PRJNA273786	SAMN03295946	2015-01-29	SRR1777752
PRJNA273786	SAMN03295947	2015-01-31	SRR1779531
PRJNA312457	SAMN04498144	2016-03-05	SRR3204352
PRJNA312457	SAMN04498097	2016-03-04	SRR3203598
PRJNA312457	SAMN04498127	2016-03-05	SRR3203925
PRJNA312457	SAMN04498223	2016-03-03	SRR3201592
PRJNA174067	SAMN01137128	2015-11-22	SRR547996
PRJNA312457	SAMN04498199	2016-03-03	SRR3201499
PRJNA312457	SAMN04498128	2016-03-05	SRR3203985
PRJNA312457	SAMN04498243	2016-03-03	SRR3201859
PRJNA312457	SAMN04498105	2016-03-04	SRR3203684
PRJNA312457	SAMN04498124	2016-03-05	SRR3203918
PRJNA312457	SAMN04498103	2016-03-04	SRR3203669
PRJNA312457	SAMN04498147	2016-03-05	SRR3204377
PRJNA334061	SAMN05443057	2016-08-30	SRR4097961
PRJNA312457	SAMN04498236	2016-03-03	SRR3201759
PRJNA334070	SAMN05446812	2016-08-30	SRR4097968
PRJNA312457	SAMN04498187	2016-03-03	SRR3201413
PRJNA334085	SAMN05446681	2016-08-30	SRR4098132
PRJNA334069	SAMN05446811	2016-08-30	SRR4097951
PRJNA312457	SAMN04498145	2016-03-05	SRR3204353
PRJNA312457	SAMN04498119	2016-03-05	SRR3203853
PRJNA312457	SAMN04498207	2016-03-03	SRR3201512
PRJNA312457	SAMN04498183	2016-03-03	SRR3201388
PRJNA312457	SAMN04498134	2016-03-05	SRR3204221
PRJNA334079	SAMN05443020	2016-08-30	SRR4098130
PRJNA312457	SAMN04498200	2016-03-03	SRR3201500
PRJNA312457	SAMN04498217	2016-03-03	SRR3201550
PRJNA334060	SAMN05446807	2016-08-30	SRR4097944
PRJNA312457	SAMN04498125	2016-03-04	SRR3203919
PRJNA312457	SAMN04498155	2016-03-02	SRR3201284
PRJNA312457	SAMN04498201	2016-03-03	SRR3201501
PRJNA312457	SAMN04498215	2016-03-03	SRR3201545
PRJNA312457	SAMN04498195	2016-03-03	SRR3201436
PRJNA312457	SAMN04498232	2016-03-03	SRR3201729
PRJNA312457	SAMN04498235	2016-03-03	SRR3201751
PRJNA312457	SAMN04498114	2016-03-04	SRR3203830
PRJNA312457	SAMN04498140	2016-03-05	SRR3204345
PRJNA312457	SAMN04498190	2016-03-03	SRR3201425
PRJNA312457	SAMN04498108	2016-03-04	SRR3203779
PRJNA312457	SAMN04498198	2016-03-03	SRR3201494
PRJNA312457	SAMN04498191	2016-03-03	SRR3201426
PRJNA312457	SAMN04498182	2016-03-03	SRR3201386
PRJNA312457	SAMN04498205	2016-03-03	SRR3201509
PRJNA312457	SAMN04498240	2016-03-03	SRR3201793
PRJNA312457	SAMN04498216	2016-03-03	SRR3201546
PRJNA312457	SAMN04498102	2016-03-04	SRR3203657
PRJNA312457	SAMN04498208	2016-03-03	SRR3201514
PRJNA312457	SAMN04498214	2016-03-03	SRR3201541
PRJNA312457	SAMN04498238	2016-03-03	SRR3201785
PRJNA312457	SAMN04498193	2016-03-03	SRR3201433
PRJNA312457	SAMN04498196	2016-03-03	SRR3201437
PRJNA312457	SAMN04498218	2016-03-03	SRR3201555
PRJNA312457	SAMN04498106	2016-03-04	SRR3203685
PRJNA312457	SAMN04498178	2016-03-03	SRR3201341
PRJNA312457	SAMN04498109	2016-03-04	SRR3203781
PRJNA312457	SAMN04498118	2016-03-04	SRR3203852
PRJNA312457	SAMN04498213	2016-03-03	SRR3201539
